SET FOREIGN_KEY_CHECKS = 0;
TRUNCATE absence;
TRUNCATE auth_user;
TRUNCATE matiere_IR;
TRUNCATE table_IR;

INSERT INTO `absence` (`COL 1`, `COL 2`, `COL 3`, `COL 4`, `COL 5`) VALUES
('1', '22304059', '2024-05-01', '1', 'Rendez-vous médical'),
('2', '22104670', '2024-05-02', '1', 'Urgence familiale'),
('3', '22304715', '2024-05-03', '1', 'Congé maladie'),
('4', '22305104', '2024-05-04', '1', 'Problèmes de transport'),
('5', '22204595', '2024-05-05', '1', 'Raisons personnelles'),
('6', '22304059', '2024-05-06', '1', 'Rendez-vous médical'),
('7', '22104670', '2024-05-07', '1', 'Urgence familiale'),
('8', '22304715', '2024-05-08', '1', 'Congé maladie'),
('9', '22305104', '2024-05-09', '1', 'Problèmes de transport'),
('10', '22204595', '2024-05-10', '1', 'Raisons personnelles'),
('11', '22304902', '2024-06-01', '1', 'Rendez-vous médical'),
('12', '22304902', '2024-06-02', '1', 'Problèmes de transport'),
('13', '22304902', '2024-06-03', '1', 'Raisons personnelles'); 

INSERT INTO `auth_user` (`id`, `password`, `last_login`, `is_superuser`, `username`, `first_name`, `last_name`, `email`, `is_staff`, `is_active`, `date_joined`) VALUES
(1, 'pbkdf2_sha256$390000$XlVHbFRSlWF4pAUqo8IUus$OckGxGVysZeatTczLGAmGOBMheU/wFJRxMin01x2CIU=', '2024-06-05 14:04:02.589357', 1, 'admin', '', '', 'admin@uha.fr', 1, 1, '2024-06-05 14:02:17.054212'),
(184, 'pbkdf2_sha256$390000$kLbWvz0EfhKBJ5zhEVi7zp$alZouMK+Hag54K9p96XfAbC2jpJTcFojVgnMQievwy8=', NULL, 0, '22304059', 'ABI-ISSI', 'ELIE', 'elie.abi-issi@uha.fr', 0, 1, '2024-06-06 08:55:10.782604'),
(185, 'pbkdf2_sha256$390000$K8AyNZzL3g4wgEc4oWoWxs$0IFjrMbU4XtIWpUqtQWW1auO4TQOisHORgSMxwMXfVw=', NULL, 0, '22104670', 'ANTROPIUS', 'SIMON', 'simon.antropius@uha.fr', 0, 1, '2024-06-06 08:55:10.975313'),
(186, 'pbkdf2_sha256$390000$ATCGUoO9hRqOcTpGAqnzrI$U6rzuxVkd5/Z1zWCDZeaL/t/WzXdBAUwJ5x6IRwedzE=', NULL, 0, '22304715', 'AUGEY', 'LOUIS', 'louis.augey@uha.fr', 0, 1, '2024-06-06 08:55:11.104177'),
(187, 'pbkdf2_sha256$390000$NrynMKCSC00ZGhASf0MPMu$bsi2134Jxiklle0z6spbThbNQWApY7sVUe5DfcjY424=', NULL, 0, '22305104', 'BAYA', 'HAMZA', 'hamza.baya@uha.fr', 0, 1, '2024-06-06 08:55:11.234353'),
(188, 'pbkdf2_sha256$390000$S9bXYkO6YvSBa28EPxMGaX$bUWkM1HXFqiAzyuyXHyNj47YHo1BsVlySqoC8S7j4vM=', NULL, 0, '22204595', 'BENCHAHBOUN', 'RIM', 'rim.benchahboun@uha.fr', 0, 1, '2024-06-06 08:55:11.360908'),
(189, 'pbkdf2_sha256$390000$RGqjf6IUdsN9ZoRKyzXey1$j2H+8wur1W6OTNkK8CoUqwtbGL6a/KduarHhS9ampGM=', NULL, 0, '22104745', 'BEN-CHARNIA', 'SIRINE', 'sirine.ben-charnia@uha.fr', 0, 1, '2024-06-06 08:55:11.485879'),
(190, 'pbkdf2_sha256$390000$0hKWQtIrKOfmiijwwasz9P$gi9/mf/2j52UVPX9kWgVSXfQJRUu54Be1MZ7vAopny0=', NULL, 0, '22303556', 'BERNARDI', 'NICOLAS', 'nicolas.bernardi@uha.fr', 0, 1, '2024-06-06 08:55:11.613683'),
(191, 'pbkdf2_sha256$390000$8YArZXNvP3njXNQZzywXxa$UZ3TrG6sEZS5B0kbIgWxzyfHY85O1o148hcMatQTkro=', NULL, 0, '22104710', 'BOMBA', 'ROMAIN', 'romain.bomba@uha.fr', 0, 1, '2024-06-06 08:55:11.776312'),
(192, 'pbkdf2_sha256$390000$8qsByBK3Ldf3euqZnLiuUQ$lMd6zVCfX7sHmZdUG+7QF1o0X7uyqXhde57HMxZKx+E=', NULL, 0, '22304466', 'BOUARAB', 'LIZA', 'liza.bouarab@uha.fr', 0, 1, '2024-06-06 08:55:11.903411'),
(193, 'pbkdf2_sha256$390000$zLlf6kyuumNj0l5WOgb0bN$cP2hLVWZASyye+bFM2i6m9KsMk4byq8Zt8DplZDywuE=', NULL, 0, '22304010', 'BOURICHI', 'IKRAM', 'ikram.bourichi@uha.fr', 0, 1, '2024-06-06 08:55:12.029493'),
(194, 'pbkdf2_sha256$390000$yJMcy2qfC5RENNKEoSEPq5$Qc4oPrwP4seNZ3W0syDq+TdUCtJSuKWl8uqEA2AVagM=', NULL, 0, '22303900', 'CARBON', 'BENJAMIN', 'benjamin.carbon@uha.fr', 0, 1, '2024-06-06 08:55:12.157336'),
(195, 'pbkdf2_sha256$390000$PIFj4wddV7ofZtLjFSxber$Jzbd+FUQ1iCsFfRusaA8Xk3pAXgIzxz5QxhByZk7KGg=', NULL, 0, '22304669', 'CHAABANE', 'MEJDA', 'mejda.chaabane@uha.fr', 0, 1, '2024-06-06 08:55:12.283566'),
(196, 'pbkdf2_sha256$390000$cVsJDGY7f92l9j244bsrqg$6uiRsgDV0ctelByRjmtjzAsNWQbrnIxpRAiM9uwASJc=', NULL, 0, '22304463', 'CHOUAF', 'MEHDI', 'mehdi.chouaf@uha.fr', 0, 1, '2024-06-06 08:55:12.410899'),
(197, 'pbkdf2_sha256$390000$TqOi8BftPUvzgp2CSCdrMB$gKAfU3Hsrgr4qe0/rhiq1kQquUZ8AQ/WiKBKsKc4zFQ=', NULL, 0, '22104716', 'DESMONTEIX', 'MAXENCE', 'maxence.desmonteix@uha.fr', 0, 1, '2024-06-06 08:55:12.537484'),
(198, 'pbkdf2_sha256$390000$FXOKIQqbY4ZCHGuXSO9Nwg$CODof4aEBj/aUe64scxPyxYZ+MQw09UOcH4vOABAjCQ=', NULL, 0, '22304105', 'DOUARD', 'EVAN', 'evan.douard@uha.fr', 0, 1, '2024-06-06 08:55:12.664438'),
(199, 'pbkdf2_sha256$390000$Ee02q5SxmHMqGMujW5Kpdu$LQfZeUs349BPjUEY2/bjP9LhlfbOiWKNYazcHKZEPDs=', NULL, 0, '22304137', 'EL-MOUJARRADE', 'DOUAE', 'douae.el-moujarrade@uha.fr', 0, 1, '2024-06-06 08:55:12.790902'),
(200, 'pbkdf2_sha256$390000$zE2D9kY6BE6i8VX5eE93JH$rN7BcnwOtuX7g2iMErKLkPziJy0LUd9e8ce2lvWtXfM=', NULL, 0, '21901399', 'ERTZER', 'LUDOVIC', 'ludovic.ertzer@uha.fr', 0, 1, '2024-06-06 08:55:12.917988'),
(201, 'pbkdf2_sha256$390000$g0YGLQVH0Hz79PNVFqVNoS$c7vnV5aya7tDTnYu1NMM9tiU5OK7/hm0QnYLL2vcetI=', NULL, 0, '22104720', 'ESSLINGER', 'HARRY', 'harry.esslinger@uha.fr', 0, 1, '2024-06-06 08:55:13.045400'),
(202, 'pbkdf2_sha256$390000$MEFhdnVxElY9oTUJc1xvcG$gO17kzVL842nVZPwbXk1EQHtJqqAsGlZJAsCDD6v7qk=', NULL, 0, '22000139', 'FADLALLAH', 'MOHAMED AMINE', 'mohamed amine.fadlallah@uha.fr', 0, 1, '2024-06-06 08:55:13.173765'),
(203, 'pbkdf2_sha256$390000$3BSeqORPTCqc17XUK6gvR9$RFeZQrJohcKvcj/Ob1nmq6GYVR22Mv9S9+VMk72sMFE=', NULL, 0, '22303866', 'GACHA', 'MOHAMED', 'mohamed.gacha@uha.fr', 0, 1, '2024-06-06 08:55:13.299304'),
(204, 'pbkdf2_sha256$390000$TPFruBaXUsBJU0tudJDZGU$39YpdGTPigS7TyiPZIX+FTnJTBfe9eBWq+FD8hfkKs4=', NULL, 0, '22304055', 'GAILLOT', 'ALBAN', 'alban.gaillot@uha.fr', 0, 1, '2024-06-06 08:55:13.426873'),
(205, 'pbkdf2_sha256$390000$8GAYKch1vCTN7eqJnRvbAg$BheqQE3QDON0qfKHjg33j/BdehCZiquYrtWAr0asDSI=', NULL, 0, '22304023', 'GAUTHERET', 'ARNAUD', 'arnaud.gautheret@uha.fr', 0, 1, '2024-06-06 08:55:13.553541'),
(206, 'pbkdf2_sha256$390000$FmNaz1Tqtxryp5MT8Poe9T$f/PriU9+miAi9cvrhvCuwSi6MMAKgFUh6HVLtXrrs9M=', NULL, 0, '22104756', 'GIRARDAT', 'QUENTIN', 'quentin.girardat@uha.fr', 0, 1, '2024-06-06 08:55:13.680950'),
(207, 'pbkdf2_sha256$390000$HKNR9RvZUaoYRho2HSw00s$ylUOFN59vHa80Qd6D13j9t9Bh5gEsyN1u1+DDfZVSig=', NULL, 0, '22304779', 'HAMDANE', 'WISSAM', 'wissam.hamdane@uha.fr', 0, 1, '2024-06-06 08:55:13.806591'),
(208, 'pbkdf2_sha256$390000$9L1DgyBlO18rEcz6djsTlp$qN5K9KbHlY+vB9OB+vDVi4B041eJSpyfxkHgsjXlkAg=', NULL, 0, '22303994', 'IBRAHIM', 'ALEXIS', 'alexis.ibrahim@uha.fr', 0, 1, '2024-06-06 08:55:13.932710'),
(209, 'pbkdf2_sha256$390000$ROM4qyCHEdocnMGu5izm3y$wMTbKfLSr8NQMTxjtHZHTPcgP31eSPgQNC9e/Gn9R04=', NULL, 0, '22304145', 'JABRI', 'FADWA', 'fadwa.jabri@uha.fr', 0, 1, '2024-06-06 08:55:14.060262'),
(210, 'pbkdf2_sha256$390000$6n2SUzqq0iBupXed30ZyYF$2S0GedOMNy3HJjtrNq4M7FvVH3kcFAl+qlxwe6TSQtQ=', NULL, 0, '22303899', 'KEMICHA', 'DORRA', 'dorra.kemicha@uha.fr', 0, 1, '2024-06-06 08:55:14.187637'),
(211, 'pbkdf2_sha256$390000$I4NGVyqyTkzKnenXS1spWO$GGVc6FqGkXrLmxNZ4QOhzJGtvGneTWnCHCZUSeRyHYs=', NULL, 0, '22303681', 'KOUIRI', 'OUSSAMA', 'oussama.kouiri@uha.fr', 0, 1, '2024-06-06 08:55:14.314323'),
(212, 'pbkdf2_sha256$390000$Ep3EUV9uzrxgrVXJ54SGOw$aTdczt09ydDnqkxfhMwEHOJsN8uFU9ppMNBPsX+eIzU=', NULL, 0, '22304369', 'LAHARGOUE', 'MATTHIS', 'matthis.lahargoue@uha.fr', 0, 1, '2024-06-06 08:55:14.440236'),
(213, 'pbkdf2_sha256$390000$IMbLEpMJvI2P8tpMssYpG6$PAx99g0e4MlOg5rDbApxvglndhs64muBg2SSZZ6QFIM=', NULL, 0, '22304768', 'LAMOUALDA', 'SALMA', 'salma.lamoualda@uha.fr', 0, 1, '2024-06-06 08:55:14.567255'),
(214, 'pbkdf2_sha256$390000$d6veehqvqAX5FxxIu8YmQr$VU+aYGvDJ5HTQMW7W8YFVG5hFtreJJo8h3nKj8B3VXI=', NULL, 0, '22304479', 'LOUSSOUARN', 'QUENTIN', 'quentin.loussouarn@uha.fr', 0, 1, '2024-06-06 08:55:14.694042'),
(215, 'pbkdf2_sha256$390000$JZFmGWk9qbtxmwLn9xMoQo$aemt4gC2MsAAX5v1pmZrkOgsSaVLAki0KR6lQHmlTP8=', NULL, 0, '22304117', 'MURRIS', 'VICTOR', 'victor.murris@uha.fr', 0, 1, '2024-06-06 08:55:14.848300'),
(216, 'pbkdf2_sha256$390000$KsDHYdOA0g8wRIOGxBKqdC$LJ+adEewhiIev26TLV7t26NeNqprBSiRS3ivj5HIN+Y=', NULL, 0, '22304830', 'NABAT', 'SALAH-EDDINE', 'salah-eddine.nabat@uha.fr', 0, 1, '2024-06-06 08:55:14.976546'),
(217, 'pbkdf2_sha256$390000$vjB3XBvy0vxKOhf8ZGu0JZ$GQ2Nnwk5zDmlCzMkOrHQwskHz9nwJyrlsSUsWjvTKQI=', NULL, 0, '22303917', 'NAJJI', 'AYA', 'aya.najji@uha.fr', 0, 1, '2024-06-06 08:55:15.103278'),
(218, 'pbkdf2_sha256$390000$cHUnZxriOHy3JxDANG5nlt$WdwA/vkVGn5IlPo39UQF88Dq2nNR9mwcteR4QVA/K58=', NULL, 0, '22304141', 'OUIDIR', 'NASSIM', 'nassim.ouidir@uha.fr', 0, 1, '2024-06-06 08:55:15.231544'),
(219, 'pbkdf2_sha256$390000$B8mqBA7WPhlHuFTNU1OTMr$wV3qkjQbcsYXyBgyRJj3ob0Yb8JbCfCexU3xOJ8bk5w=', NULL, 0, '22304412', 'OUMALOUL', 'ZYAD', 'zyad.oumaloul@uha.fr', 0, 1, '2024-06-06 08:55:15.359179'),
(220, 'pbkdf2_sha256$390000$FzwdwGx12LmqPEwRcX4vPS$4xjeoXtrkFYsO+WOz3AntQNGn2iXCzjAALdh9HX3dc8=', NULL, 0, '22001266', 'PRAVEDNYI', 'OLEG', 'oleg.pravednyi@uha.fr', 0, 1, '2024-06-06 08:55:15.487670'),
(221, 'pbkdf2_sha256$390000$9eQQJ2HyBExXM7Pxxl09pT$T3h3OXKGAIrvhbSIiF1BW/rTS1LrTMb9jL8uXl1Ayyk=', NULL, 0, '22304051', 'ROCHDI', 'YOUSSEF', 'youssef.rochdi@uha.fr', 0, 1, '2024-06-06 08:55:15.614157'),
(222, 'pbkdf2_sha256$390000$4pzFOkrpoGI5xUeVMJFGBR$hbVdUHOQWaI79Ljslf2YNqmybkuMMUCbDq4nsaGWOKk=', NULL, 0, '22304185', 'ROUTIER', 'REMI', 'remi.routier@uha.fr', 0, 1, '2024-06-06 08:55:15.741273'),
(223, 'pbkdf2_sha256$390000$LOr5fp3LZCTQIPds03eG3I$xjfIWaJOkFnLggY5Fz3tRfeOIc2Q2R0wtxdAzF4Ox1g=', NULL, 0, '22304902', 'SANCIAUME', 'MAXIME', 'maxime.sanciaume@uha.fr', 0, 1, '2024-06-06 08:55:15.869179'),
(224, 'pbkdf2_sha256$390000$576iAhOiillIWR11KBhkXA$fKk14aR59mvnHZSWDMHu+IvM+70QEpeDTh9keA3OaxE=', NULL, 0, '22104728', 'SENECHAL', 'LOUIS', 'louis.senechal@uha.fr', 0, 1, '2024-06-06 08:55:15.996213'),
(225, 'pbkdf2_sha256$390000$EvFNkBXEZnc0h2SufUhBXJ$BsBMfj/H1wmwnAb7/Z25Fx5A1hKI+fQoKcAS3HZ0DJI=', NULL, 0, '22304815', 'SOUKHRATI', 'MAROUANE', 'marouane.soukhrati@uha.fr', 0, 1, '2024-06-06 08:55:16.122896'),
(226, 'pbkdf2_sha256$390000$dB3CGlvxrslwyIKC1ZsUNy$uu5euri5yQBWmgxt+mUSK7sMHex+tBgK7zZe8A8m6Yo=', NULL, 0, '22304339', 'TAGHOULT-OUNMIR', 'AMRAN', 'amran.taghoult-ounmir@uha.fr', 0, 1, '2024-06-06 08:55:16.250030'),
(227, 'pbkdf2_sha256$390000$5RQxyF9oExmB8YzhDbrs0g$JRAUOXs2jaMJwQu1GR4yriEasvfw2qXHe1Ga/co3eXs=', NULL, 0, '22204535', 'THIAM-MAME', 'YACINE', 'yacine.thiam-mame@uha.fr', 0, 1, '2024-06-06 08:55:16.377726'),
(228, 'pbkdf2_sha256$390000$2KAWmJoH3PNvamCfgelMFG$90sYlgdpSQhYJKaysp8VLcTlevNG/qyxdchRI/TZ+sM=', NULL, 0, '22304054', 'TIEMTORE', 'CLOVIS', 'clovis.tiemtore@uha.fr', 0, 1, '2024-06-06 08:55:16.505012'),
(229, 'pbkdf2_sha256$390000$l6pdfspcEwwFTkqx84P5iT$ZXniwbz6oSF9jJ7tw6U+XwnAu+YZb4v059Bsa/yNFD4=', NULL, 0, '22303904', 'VANGU', 'ERWAN', 'erwan.vangu@uha.fr', 0, 1, '2024-06-06 08:55:16.631232'),
(230, 'pbkdf2_sha256$390000$Ne3vq9ET7SnH4qhWJ0rmPZ$bfnDpd1J7ZLF1x2GNfTvCmJo1WMnOYJ8QwNNeGL816w=', NULL, 0, '22303848', 'WURTZ', 'PERRINE', 'perrine.wurtz@uha.fr', 0, 1, '2024-06-06 08:55:16.756843'),
(231, 'pbkdf2_sha256$390000$ituUXhoKGxuZLM7PbiWZTx$7Xi3gIeeSXFiDRNzr6GgBAAWPZBKGkCSwsrblYMegxU=', NULL, 0, '1', 'DION', 'Joel', 'joel.dion@uha.fr', 0, 1, '2024-06-06 08:55:16.883753'),
(232, 'pbkdf2_sha256$390000$k455IzLd6iwiNPzRcFaXrB$sPG34d1JNDblT+1IP2QT61r4EkqwslXlJMDrPSlzUa0=', NULL, 0, '2', 'ANICIC', 'Sylvia', 'sylvia.anicic@uha.fr', 0, 1, '2024-06-06 08:55:17.008937'),
(233, 'pbkdf2_sha256$390000$M8zxoWM9hr9GjxS7QPLFfO$mXlAqHQnIQg/SHAYT6qH+egsW3FFHQ3I51uEJ6CAXQQ=', NULL, 0, '3', 'THIRY', 'Laurent', 'laurent.thiry@uha.fr', 0, 1, '2024-06-06 08:55:17.134951'),
(234, 'pbkdf2_sha256$390000$hwTRwdpzccIk7eh999a7aG$OcM1M6rYQMhUrEBrfDJmjrCpfj5UF9on0b+Ls/lUHwY=', NULL, 0, '4', 'STUDER', 'Philippe', 'philippe.studer@uha.fr', 0, 1, '2024-06-06 08:55:17.261184'),
(235, 'pbkdf2_sha256$390000$julHnc3JYfitUVa4GulVVl$SQjMnl/W2PF3c9+O5hpHxG5QQUAY4q5b2Zswh3nxHTw=', NULL, 0, '5', 'FORESTIER', 'Germain', 'germain.forestier@uha.fr', 0, 1, '2024-06-06 08:55:17.388600'),
(236, 'pbkdf2_sha256$390000$cQMvcMhbeKxIk8B2Z3A5y7$SnIFUqgCDanSL3N5J7TY4U4CkYpl++TBT0cdo88xOlw=', NULL, 0, '6', 'HILT', 'Benoit', 'benoit.hilt@uha.fr', 0, 1, '2024-06-06 08:55:17.513506'),
(237, 'pbkdf2_sha256$390000$i0EBmPx7yl8hERWUgtPo9f$uq8aQ89sJKyrG5Lx3zcpHEThcRPivKGNNLYTEF5xE8k=', NULL, 0, '7', 'HAYE', 'Ludovic', 'ludovic.haye@uha.fr', 0, 1, '2024-06-06 08:55:17.640051'),
(238, 'pbkdf2_sha256$390000$0B8jFK7e0jvspPQ3GhvbFU$C6T6bYt+kxJ1TQNyQQCsaNX0EMSbnolzoIG67MGWFI4=', NULL, 0, '8', 'VIGOUROUX', 'Christian', 'christian.vigouroux@uha.fr', 0, 1, '2024-06-06 08:55:17.767948'),
(239, 'pbkdf2_sha256$390000$8gjVDrb2Wyahe25alDtVvD$ndeB6Ihn74WuVHSCBqfWJtn83d9LHsMAQjdMVTBvbKE=', NULL, 0, '9', 'RUMA', 'Corinne', 'corinne.ruma@uha.fr', 0, 1, '2024-06-06 08:55:17.895824'),
(240, 'pbkdf2_sha256$390000$ncxnQgre9shmc2mElKKFyk$lVF4LNHouoEt9CSH4TGv/NrLHopb4/nxJ+Q2fHxs1Lo=', NULL, 0, '10', 'GEYER', 'Cyril', 'cyril.geyer@uha.fr', 0, 1, '2024-06-06 08:55:18.022235'),
(241, 'pbkdf2_sha256$390000$Y8bHEanceFWuk60WRHrEmN$NXg2oGMTxhX5bU0XGwUmahNX2z1EaYp7Jtf70VZm8Ik=', NULL, 0, '11', 'WEBER', 'Jonathan', 'jonathan.weber@uha.fr', 0, 1, '2024-06-06 08:55:18.152539');

INSERT INTO `matiere_IR` (`COL 1`, `COL 2`, `COL 3`, `COL 4`, `COL 5`, `COL 6`, `COL 7`) VALUES
('IR-5.1', 'Immersion', 'S5', 4, 'IR_UE1_Fondamentaux_S5', 70, '00001'),
('IR-5.2.1', 'Mathématiques discrètes I', 'S5', 2, 'IR_UE2_Analyse_S5', 20, '00002'),
('IR-5.2.2', 'Mathématiques discrètes II', 'S5', 2, 'IR_UE2_Analyse_S5', 24, '00003'),
('IR-5.2.3', 'Mathématiques et signal', 'S5', 2, 'IR_UE2_Analyse_S5', 28, '00004'),
('IR-5.2.4', 'Programmation fonctionnelle & preuves', 'S5', 2, 'IR_UE2_Analyse_S5', 20, '00005'),
('IR-5.3.1', 'Architecture des ordinateurs', 'S5', 2, 'IR_UE1_Fondamentaux_S5', 10, '00006'),
('IR-5.3.2', 'ICG', 'S5', 2, 'IR_UE1_Fondamentaux_S5', 26, '00007'),
('IR-5.3.3', 'Découverte des Réseaux', 'S5', 2, 'IR_UE1_Fondamentaux_S5', 25, '00008'),
('IR-5.3.4', 'Unix commandes de base', 'S5', 2, 'IR_UE1_Fondamentaux_S5', 24, '00009'),
('IR-5.3.5', 'Systèmes d’exploitation', 'S5', 2, 'IR_UE1_Fondamentaux_S5', 30, '00010'),
('IR-5.3.6', 'Algorithmie et structures de données-C', 'S5', 2, 'IR_UE1_Fondamentaux_S5', 30, '00001'),
('IR-5.4.1', 'Technologies WEB I', 'S5', 2, 'IR_UE1_Fondamentaux_S5', 20, '00002'),
('IR-5.4.2', 'Technologies WEB II', 'S5', 2, 'IR_UE1_Fondamentaux_S5', 20, '00003'),
('IR-5.4.3', 'Programmation WEB', 'S5', 2, 'IR_UE1_Fondamentaux_S5', 20, '00004'),
('IR-5.5.1', 'Recherche bibliographique', 'S5', 1, 'IR_UE1_Fondamentaux_S5', 4, '00005'),
('IR-5.5.2', 'Communiquer et présenter un projet', 'S5', 1, 'IR_UE1_Fondamentaux_S5', 2, '00006'),
('IR-5.5.3', 'Analyse de la valeur', 'S5', 1, 'IR_UE1_Fondamentaux_S5', 4, '00007'),
('IR-5.5.4', 'Projet Professionnel/Connaissance de soi', 'S5', 1, 'IR_UE1_Fondamentaux_S5', 8, '00008'),
('IR-5.5.5', 'CV/Lettre de motivation', 'S5', 1, 'IR_UE1_Fondamentaux_S5', 4, '00009'),
('IR-5.5.6', 'Français - Projet Voltaire (en ligne)', 'S5', 1, 'IR_UE1_Fondamentaux_S5', 6, '00010'),
('IR-5.6.1', 'Anglais', 'S5', 2, 'LV', 24, '00001'),
('IR-6.1', 'Maths générales', 'S6', 4, 'IR_UE1_Maths_S6', 80, '00002'),
('IR-6.1.1', 'Calcul matriciel', 'S6', 1, 'IR_UE1_Maths_S6', 10, '00003'),
('IR-6.1.2', 'Analyse générale', 'S6', 1, 'IR_UE1_Maths_S6', 10, '00004'),
('IR-6.1.3', 'Statistiques et systèmes stochastiques', 'S6', 1, 'IR_UE1_Maths_S6', 28, '00005'),
('IR-6.1.4', 'Analyse numérique et calcul scientifique', 'S6', 1, 'IR_UE1_Maths_S6', 20, '00006'),
('IR-6.1.5', 'Projet', 'S6', 1, 'IR_UE1_Maths_S6', 12, '00007'),
('IR-6.2', 'Ingénierie objet', 'S6', 6, 'IR_UE2_Objets_S6', 76, '00008'),
('IR-6.2.1', 'AOO & langage Java', 'S6', 2, 'IR_UE2_Objets_S6', 32, '00009'),
('IR-6.2.2', 'UML', 'S6', 2, 'IR_UE2_Objets_S6', 24, '00010'),
('IR-6.2.3', 'Projet', 'S6', 2, 'IR_UE2_Objets_S6', 20, '00001'),
('IR-6.3', 'Données', 'S6', 4, 'IR_UE2_Data_S6', 62, '00002'),
('IR-6.3.1', 'SGBD', 'S6', 2, 'IR_UE2_Data_S6', 28, '00003'),
('IR-6.3.2', 'BI', 'S6', 2, 'IR_UE2_Data_S6', 34, '00004'),
('IR-7.1', 'Programmation système', 'S7', 5, 'IR_UE1_System_S7', 82, '00005'),
('IR-7.1.1', 'Théorie des langages', 'S7', 1, 'IR_UE1_System_S7', 24, '00006'),
('IR-7.1.2', 'Programmation système (API Unix)', 'S7', 1, 'IR_UE1_System_S7', 20, '00007'),
('IR-7.1.3', 'Langage C++', 'S7', 1, 'IR_UE1_System_S7', 38, '00008'),
('IR-7.2', 'Ingénierie Logicielle I', 'S7', 6, 'IR_UE1_Logiciel_S7', 86, '00009'),
('IR-7.2.1', 'Génie logiciel', 'S7', 1, 'IR_UE1_Logiciel_S7', 20, '00010'),
('IR-7.2.2', 'Industrialisation logicielle', 'S7', 1, 'IR_UE1_Logiciel_S7', 22, '00001'),
('IR-7.2.3', 'Architectures à objets et Design Pattern', 'S7', 1, 'IR_UE1_Logiciel_S7', 20, '00002'),
('IR-7.2.4', 'Architecture des IHM', 'S7', 1, 'IR_UE1_Logiciel_S7', 24, '00003'),
('IR-8.1', 'Ingénierie des langages et modèles', 'S8', 8, 'IR_UE1_Langages_S8', 94, '00004'),
('IR-8.1.1', 'Réseaux (architecture, protocole, programmation)', 'S8', 2, 'IR_UE1_Langages_S8', 26, '00005'),
('IR-8.1.2', 'Compilation', 'S8', 2, 'IR_UE1_Langages_S8', 28, '00006'),
('IR-8.1.3', 'Représentation et analyse de documents', 'S8', 2, 'IR_UE1_Langages_S8', 20, '00007'),
('IR-8.1.4', 'Eco-conception', 'S8', 2, 'IR_UE1_Langages_S8', 20, '00008'),
('IR-8.2', 'Science des données II', 'S8', 9, 'IR_UE2_Data_S8', 92, '00009'),
('IR-8.2.1', 'IA/Optimisation', 'S8', 2, 'IR_UE2_Data_S8', 10, '00010'),
('IR-8.2.2', 'Cloud Computing', 'S8', 2, 'IR_UE2_Data_S8', 30, '00001'),
('IR-8.2.3', 'Deep Learning I', 'S8', 2, 'IR_UE2_Data_S8', 24, '00002'),
('IR-8.2.4', 'Mathématiques pour les datasciences', 'S8', 2, 'IR_UE2_Data_S8', 28, '00003');

INSERT INTO `table_IR` (`COL 1`, `COL 2`, `COL 3`) VALUES
('22304059', 'TD1', 'TP1'),
('22104670', 'TD1', 'TP1'),
('22304715', 'TD1', 'TP1'),
('22305104', 'TD1', 'TP1'),
('22204595', 'TD1', 'TP1'),
('22104745', 'TD1', 'TP1'),
('22303556', 'TD1', 'TP1'),
('22104710', 'TD1', 'TP1'),
('22304466', 'TD1', 'TP1'),
('22304010', 'TD1', 'TP1'),
('22303900', 'TD1', 'TP1'),
('22304669', 'TD1', 'TP1'),
('22304463', 'TD1', 'TP1'),
('22104716', 'TD1', 'TP1'),
('22304105', 'TD1', 'TP1'),
('22304137', 'TD1', 'TP1'),
('21901399', 'TD1', 'TP1'),
('22104720', 'TD1', 'TP1'),
('22000139', 'TD1', 'TP1'),
('22303866', 'TD1', 'TP1'),
('22304055', 'TD2', 'TP2'),
('22304023', 'TD2', 'TP2'),
('22104756', 'TD2', 'TP2'),
('22304779', 'TD2', 'TP2'),
('22303994', 'TD2', 'TP2'),
('22304145', 'TD2', 'TP2'),
('22303899', 'TD2', 'TP2'),
('22303681', 'TD2', 'TP2'),
('22304369', 'TD2', 'TP2'),
('22304768', 'TD2', 'TP2'),
('22304479', 'TD2', 'TP2'),
('22304117', 'TD2', 'TP2'),
('22304830', 'TD2', 'TP2'),
('22303917', 'TD2', 'TP2'),
('22304141', 'TD2', 'TP2'),
('22304412', 'TD2', 'TP2'),
('22001266', 'TD2', 'TP2'),
('22304051', 'TD2', 'TP2'),
('22304185', 'TD2', 'TP2'),
('22304902', 'TD2', 'TP2'),
('22104728', 'TD2', 'TP3'),
('22304815', 'TD2', 'TP3'),
('22304339', 'TD2', 'TP3'),
('22204535', 'TD2', 'TP3'),
('22304054', 'TD1', 'TP3'),
('22303904', 'TD1', 'TP3'),
('22303848', 'TD1', 'TP3');

